subject_id,tumor_seg_source,tumor_seg_filename,tumor_seg_voxel_count,labels_present,qc_passed,qc_fail_reason,idh_status,who_grade
BT0001,manual_refined,rtumorseg_manual_correction.nii.gz,150416,1;2;4,true,,WT,4
BT0002,manual_refined,rtumorseg_manual_correction.nii.gz,9487,1;2;4,true,,WT,4
BT0003,manual_refined,rtumorseg_manual_correction.nii.gz,123107,2,true,,Mut,2
BT0005,manual_refined,rtumorseg_manual_correction.nii.gz,195602,1;2;4,true,,WT,4
BT0007,manual_refined,rtumorseg_manual_correction.nii.gz,173633,1;2;3;4,true,,Mut,2
BT0008,fets_auto,tumorseg_FeTS.nii.gz,232724,1;2;4,true,,WT,4
BT0009,manual_refined,rtumorseg_manual_correction.nii.gz,62378,1;2;3;4,true,,WT,4
BT0011,manual_refined,rtumorseg_manual_correction.nii.gz,170328,1;2;4,true,,Mut,3
BT0013,manual_refined,rtumorseg_manual_correction.nii.gz,101376,1;2;3;4,true,,WT,4
BT0015,manual_refined,rtumorseg_manual_correction.nii.gz,32578,1;2,true,,Mut,2
BT0018,fets_auto,tumorseg_FeTS.nii.gz,45995,1;2,true,,Mut,3
BT0019,manual_refined,rtumorseg_manual_correction.nii.gz,164202,1;2;3;4,true,,WT,4
BT0020,manual_refined,rtumorseg_manual_correction.nii.gz,14356,1;2;3;4,true,,WT,4
BT0021,manual_refined,rtumorseg_manual_correction.nii.gz,64246,3,true,,Mut,3
BT0023,fets_auto,tumorseg_FeTS.nii.gz,6626,1;2;4,true,,WT,4
BT0024,fets_auto,tumorseg_FeTS.nii.gz,6111,1;2;4,true,,WT,4
BT0026,manual_refined,rtumorseg_manual_correction.nii.gz,74052,1;2;4,true,,WT,4
BT0027,manual_refined,rtumorseg_manual_correction.nii.gz,55233,1;2;4,true,,WT,4
BT0029,manual_refined,rtumorseg_manual_correction.nii.gz,185820,1;2;4,true,,WT,4
BT0030,manual_refined,rtumorseg_manual_correction.nii.gz,179324,1;2;3;4,true,,WT,4
BT0033,manual_refined,rtumorseg_manual_correction.nii.gz,73573,1;2;4,true,,WT,4
BT0034,manual_refined,rtumorseg_manual_correction.nii.gz,170906,1;2;3;4,true,,WT,4
BT0035,manual_refined,rtumorseg_manual_correction.nii.gz,55567,1;2;4,true,,WT,4
BT0036,manual_refined,rtumorseg_manual_correction.nii.gz,33017,1;2;4,true,,WT,4
BT0041,manual_refined,rtumorseg_manual_correction.nii.gz,31847,3,true,,Mut,2
BT0042,manual_refined,rtumorseg_manual_correction.nii.gz,65756,1;2;3;4,true,,WT,4
BT0045,manual_refined,rtumorseg_manual_correction.nii.gz,161269,1;2;4,true,,Mut,3
BT0048,manual_refined,rtumorseg_manual_correction.nii.gz,41901,3,true,,WT,3
BT0050,manual_refined,rtumorseg_manual_correction.nii.gz,3048,2;4;5,true,,WT,NA
BT0053,manual_refined,rtumorseg_manual_correction.nii.gz,58007,1;2;4,true,,WT,4
BT0055,manual_refined,rtumorseg_manual_correction.nii.gz,38111,1;2;5,true,,WT,2
BT0059,manual_refined,rtumorseg_manual_correction.nii.gz,171749,1;2;3;4,true,,WT,4
BT0060,manual_refined,rtumorseg_manual_correction.nii.gz,32424,1;2;4,true,,WT,4
BT0061,manual_refined,rtumorseg_manual_correction.nii.gz,16154,3,true,,WT,3
BT0062,manual_refined,rtumorseg_manual_correction.nii.gz,149808,1;2;4,true,,Mut,4
BT0063,manual_refined,rtumorseg_manual_correction.nii.gz,30607,3,true,,WT,3
BT0065,manual_refined,rtumorseg_manual_correction.nii.gz,102126,1;2;4,true,,Mut,4
BT0066,manual_refined,rtumorseg_manual_correction.nii.gz,35002,1;2;3;4,true,,WT,4
BT0068,manual_refined,rtumorseg_manual_correction.nii.gz,343462,1;2;3;4,true,,Mut,4
BT0070,manual_refined,rtumorseg_manual_correction.nii.gz,236247,1;2;4,true,,WT,4
BT0075,manual_refined,rtumorseg_manual_correction.nii.gz,37572,2;4,true,,Mut,2
BT0076,manual_refined,rtumorseg_manual_correction.nii.gz,70874,1;2;4,true,,Mut,4
BT0078,manual_refined,rtumorseg_manual_correction.nii.gz,191041,1;2;4,true,,WT,4
BT0079,fets_auto,tumorseg_FeTS.nii.gz,85421,1;2;4,true,,WT,4
BT0081,manual_refined,rtumorseg_manual_correction.nii.gz,40598,3,true,,WT,4
BT0083,manual_refined,rtumorseg_manual_correction.nii.gz,27329,1;2;4,true,,WT,4
BT0084,fets_auto,tumorseg_FeTS.nii.gz,210157,1;2;4,true,,WT,4
BT0086,manual_refined,rtumorseg_manual_correction.nii.gz,197200,1;2;3;4,true,,WT,4
BT0087,manual_refined,rtumorseg_manual_correction.nii.gz,150499,1;2;3;4,true,,WT,4
BT0089,manual_refined,rtumorseg_manual_correction.nii.gz,60803,1;2,true,,WT,2
BT0090,manual_refined,rtumorseg_manual_correction.nii.gz,106074,1;2;3;4,true,,WT,4
BT0091,manual_refined,rtumorseg_manual_correction.nii.gz,230920,1;2;3;4,true,,WT,4
BT0095,manual_refined,rtumorseg_manual_correction.nii.gz,33505,1;2;4,true,,WT,3
BT0096,fets_auto,tumorseg_FeTS.nii.gz,176185,1;2;4,true,,WT,4
BT0099,manual_refined,rtumorseg_manual_correction.nii.gz,214654,1;2;4,true,,WT,4
BT0101,fets_auto,tumorseg_FeTS.nii.gz,66621,1;2;4,true,,WT,4
BT0102,fets_auto,tumorseg_FeTS.nii.gz,155603,1;2;4,true,,WT,4
BT0103,manual_refined,rtumorseg_manual_correction.nii.gz,11733,3,true,,WT,2
BT0104,manual_refined,rtumorseg_manual_correction.nii.gz,142984,1;2;4,true,,WT,4
BT0107,manual_refined,rtumorseg_manual_correction.nii.gz,177203,1;2;4,true,,WT,4
BT0108,manual_refined,rtumorseg_manual_correction.nii.gz,227772,1;2;4,true,,WT,4
BT0112,manual_refined,rtumorseg_manual_correction.nii.gz,145820,1;2;4,true,,WT,4
BT0113,manual_refined,rtumorseg_manual_correction.nii.gz,121040,1;2;3;4,true,,WT,4
BT0115,manual_refined,rtumorseg_manual_correction.nii.gz,31979,1;2;3;4,true,,WT,4
BT0119,fets_auto,tumorseg_FeTS.nii.gz,41955,1;2,true,,WT,4
BT0120,manual_refined,rtumorseg_manual_correction.nii.gz,33212,1;2;3;4,true,,Mut,3
BT0122,manual_refined,rtumorseg_manual_correction.nii.gz,192729,1;2;3;4,true,,WT,4
BT0124,manual_refined,rtumorseg_manual_correction.nii.gz,49616,1;2;4,true,,WT,4
BT0126,manual_refined,rtumorseg_manual_correction.nii.gz,83553,1;2;3;4,true,,WT,4
BT0127,manual_refined,rtumorseg_manual_correction.nii.gz,55048,1;2;3;4,true,,Mut,3
BT0128,manual_refined,rtumorseg_manual_correction.nii.gz,130757,1;2;4,true,,WT,4
BT0129,manual_refined,rtumorseg_manual_correction.nii.gz,47987,1;2;3;4,true,,Mut,4
BT0130,manual_refined,rtumorseg_manual_correction.nii.gz,122116,3,true,,WT,3
BT0133,manual_refined,rtumorseg_manual_correction.nii.gz,167413,1;2;4,true,,WT,4
BT0136,manual_refined,rtumorseg_manual_correction.nii.gz,103961,1;2;3;4,true,,WT,4
BT0137,manual_refined,rtumorseg_manual_correction.nii.gz,95741,1;2;3;4,true,,WT,4
BT0138,manual_refined,rtumorseg_manual_correction.nii.gz,71882,1;2;3;4,true,,WT,4
BT0139,manual_refined,rtumorseg_manual_correction.nii.gz,45605,1;2;4,true,,WT,4
BT0140,manual_refined,rtumorseg_manual_correction.nii.gz,43445,1;2;4,true,,WT,4
BT0141,manual_refined,rtumorseg_manual_correction.nii.gz,32784,1;2;4,true,,WT,4
BT0142,manual_refined,rtumorseg_manual_correction.nii.gz,12289,1;2;4,true,,WT,4
BT0143,manual_refined,rtumorseg_manual_correction.nii.gz,60818,1;2;4,true,,WT,4
BT0144,manual_refined,rtumorseg_manual_correction.nii.gz,30342,1;2;3;4,true,,WT,4
BT0145,manual_refined,rtumorseg_manual_correction.nii.gz,27296,1;2;4,true,,WT,4
BT0146,manual_refined,rtumorseg_manual_correction.nii.gz,192541,1;2;4,true,,WT,4
BT0147,fets_auto,tumorseg_FeTS.nii.gz,98696,1;2;4,true,,WT,4
BT0148,manual_refined,rtumorseg_manual_correction.nii.gz,49421,1;2;4,true,,WT,4
BT0149,manual_refined,rtumorseg_manual_correction.nii.gz,30251,1;2;4,true,,WT,4
BT0150,manual_refined,rtumorseg_manual_correction.nii.gz,62611,3,true,,Mut,3
BT0152,manual_refined,rtumorseg_manual_correction.nii.gz,126663,1;2;3;4,true,,WT,4
BT0155,manual_refined,rtumorseg_manual_correction.nii.gz,54196,3,true,,WT,3
BT0156,manual_refined,rtumorseg_manual_correction.nii.gz,46447,3,true,,Mut,3
BT0157,manual_refined,rtumorseg_manual_correction.nii.gz,22555,3,true,,WT,2
BT0158,manual_refined,rtumorseg_manual_correction.nii.gz,30760,3,true,,WT,2
BT0159,fets_auto,tumorseg_FeTS.nii.gz,69365,1;2;4,true,,WT,4
BT0160,manual_refined,rtumorseg_manual_correction.nii.gz,55437,1;2;3;4,true,,WT,3
BT0162,manual_refined,rtumorseg_manual_correction.nii.gz,172117,1;2;3;4,true,,WT,4
BT0165,manual_refined,rtumorseg_manual_correction.nii.gz,183159,1;2;3;4,true,,Mut,4
BT0166,manual_refined,rtumorseg_manual_correction.nii.gz,33836,3,true,,WT,4
BT0168,manual_refined,rtumorseg_manual_correction.nii.gz,213728,1;2;3;4,true,,Mut,3
BT0169,manual_refined,rtumorseg_manual_correction.nii.gz,138004,1;2;4,true,,WT,4
BT0170,manual_refined,rtumorseg_manual_correction.nii.gz,6897,1;2;3;4,true,,WT,4
BT0172,manual_refined,rtumorseg_manual_correction.nii.gz,129743,1;2,true,,Mut,3
BT0173,manual_refined,rtumorseg_manual_correction.nii.gz,12270,1;2;3;4,true,,WT,3
BT0179,manual_refined,rtumorseg_manual_correction.nii.gz,23671,1;2,true,,Mut,2
BT0181,manual_refined,rtumorseg_manual_correction.nii.gz,243593,3,true,,Mut,3
BT0182,manual_refined,rtumorseg_manual_correction.nii.gz,93425,3,true,,Mut,2
BT0183,manual_refined,rtumorseg_manual_correction.nii.gz,56727,3,true,,Mut,2
BT0184,manual_refined,rtumorseg_manual_correction.nii.gz,85384,1;2;3;4,true,,WT,4
BT0187,fets_auto,tumorseg_FeTS.nii.gz,67031,1;2;4,true,,WT,4
BT0188,manual_refined,rtumorseg_manual_correction.nii.gz,88132,3;4,true,,Mut,2
BT0189,manual_refined,rtumorseg_manual_correction.nii.gz,159793,3,true,,Mut,3
BT0190,manual_refined,rtumorseg_manual_correction.nii.gz,127484,1;2,true,,Mut,2
BT0191,manual_refined,rtumorseg_manual_correction.nii.gz,19600,1;2;4,true,,WT,4
BT0193,fets_auto,tumorseg_FeTS.nii.gz,114914,1;2;4,true,,WT,4
BT0194,manual_refined,rtumorseg_manual_correction.nii.gz,17508,3,true,,WT,3
BT0196,manual_refined,rtumorseg_manual_correction.nii.gz,238037,1;2;4,true,,Mut,3
BT0197,manual_refined,rtumorseg_manual_correction.nii.gz,5887,1;2;4,true,,WT,4
BT0199,manual_refined,rtumorseg_manual_correction.nii.gz,89751,3,true,,Mut,3
BT0204,manual_refined,rtumorseg_manual_correction.nii.gz,7552,1;2,true,,Mut,2
BT0205,fets_auto,tumorseg_FeTS.nii.gz,13098,1;2;4,true,,WT,4
BT0206,manual_refined,rtumorseg_manual_correction.nii.gz,49941,1;2;4,true,,WT,4
BT0210,manual_refined,rtumorseg_manual_correction.nii.gz,85310,1;2;3;4,true,,WT,4
BT0211,manual_refined,rtumorseg_manual_correction.nii.gz,69452,1;2;4,true,,WT,4
BT0212,manual_refined,rtumorseg_manual_correction.nii.gz,110308,1;2;3;4,true,,Mut,4
BT0213,manual_refined,rtumorseg_manual_correction.nii.gz,214757,1;2;3;4,true,,WT,4
BT0216,manual_refined,rtumorseg_manual_correction.nii.gz,109815,1;2;3;4,true,,WT,4
BT0219,fets_auto,tumorseg_FeTS.nii.gz,163527,1;2;4,true,,WT,NA
BT0220,manual_refined,rtumorseg_manual_correction.nii.gz,27964,3,true,,Mut,2
BT0221,manual_refined,rtumorseg_manual_correction.nii.gz,61912,2,true,,Mut,3
BT0222,manual_refined,rtumorseg_manual_correction.nii.gz,154346,1;2;4,true,,WT,4
BT0223,manual_refined,rtumorseg_manual_correction.nii.gz,27830,1;2;4,true,,WT,3
BT0224,manual_refined,rtumorseg_manual_correction.nii.gz,60589,3,true,,WT,3
BT0225,manual_refined,rtumorseg_manual_correction.nii.gz,22450,1;2;3;4,true,,WT,2
BT0226,manual_refined,rtumorseg_manual_correction.nii.gz,50963,1;2;4,true,,WT,4
BT0227,manual_refined,rtumorseg_manual_correction.nii.gz,44746,3,true,,Mut,3
BT0228,manual_refined,rtumorseg_manual_correction.nii.gz,125043,1;2;4,true,,Mut,4
BT0233,manual_refined,rtumorseg_manual_correction.nii.gz,52620,1;2,true,,Mut,2
BT0234,manual_refined,rtumorseg_manual_correction.nii.gz,217158,1;2;3;4,true,,NA,4
BT0235,manual_refined,rtumorseg_manual_correction.nii.gz,46093,1;2;4,true,,NA,4
BT0236,manual_refined,rtumorseg_manual_correction.nii.gz,193804,1;2;4,true,,WT,4
BT0237,manual_refined,rtumorseg_manual_correction.nii.gz,138806,1;2;3;4,true,,WT,4
BT0240,manual_refined,rtumorseg_manual_correction.nii.gz,194876,1;2;4,true,,WT,4
BT0242,manual_refined,rtumorseg_manual_correction.nii.gz,41598,1;2;4,true,,WT,4
BT0243,fets_auto,tumorseg_FeTS.nii.gz,37760,1;2;4,true,,WT,4
BT0244,manual_refined,rtumorseg_manual_correction.nii.gz,25877,2;4,true,,Mut,3
BT0246,manual_refined,rtumorseg_manual_correction.nii.gz,35761,1;2;4,true,,Mut,2
BT0248,manual_refined,rtumorseg_manual_correction.nii.gz,30436,1;2;4,true,,WT,4
BT0250,manual_refined,rtumorseg_manual_correction.nii.gz,227809,1;2;4,true,,WT,4
BT0251,manual_refined,rtumorseg_manual_correction.nii.gz,96803,3,true,,Mut,2
BT0252,manual_refined,rtumorseg_manual_correction.nii.gz,30602,3,true,,Mut,2
BT0254,manual_refined,rtumorseg_manual_correction.nii.gz,34385,1;2;4,true,,WT,4
BT0255,manual_refined,rtumorseg_manual_correction.nii.gz,58929,1;2;4,true,,WT,4
BT0258,manual_refined,rtumorseg_manual_correction.nii.gz,17014,1;2;4,true,,WT,4
BT0261,manual_refined,rtumorseg_manual_correction.nii.gz,63080,1;2;4,true,,Mut,3
BT0262,fets_auto,tumorseg_FeTS.nii.gz,12350,1;2,true,,WT,3
BT0268,fets_auto,tumorseg_FeTS.nii.gz,4832,1;2,true,,WT,4
BT0269,manual_refined,rtumorseg_manual_correction.nii.gz,209589,3;4,true,,Mut,2
BT0270,manual_refined,rtumorseg_manual_correction.nii.gz,150455,3,true,,Mut,2
BT0273,manual_refined,rtumorseg_manual_correction.nii.gz,43231,2,true,,Mut,2
BT0275,manual_refined,rtumorseg_manual_correction.nii.gz,55335,1;2,true,,WT,4
BT0276,manual_refined,rtumorseg_manual_correction.nii.gz,44793,1;2;4,true,,WT,4
BT0277,manual_refined,rtumorseg_manual_correction.nii.gz,97950,1;2;4,true,,WT,4
BT0280,fets_auto,tumorseg_FeTS.nii.gz,7640,2;4,true,,WT,4
BT0281,manual_refined,rtumorseg_manual_correction.nii.gz,147907,1;2;4,true,,WT,4
BT0282,manual_refined,rtumorseg_manual_correction.nii.gz,25337,2,true,,Mut,2
BT0283,manual_refined,rtumorseg_manual_correction.nii.gz,14214,1;2;3;4,true,,WT,3
BT0285,manual_refined,rtumorseg_manual_correction.nii.gz,43048,2,true,,Mut,2
BT0287,manual_refined,rtumorseg_manual_correction.nii.gz,29751,1;2,true,,WT,3
BT0288,manual_refined,rtumorseg_manual_correction.nii.gz,91130,1;2;4,true,,NA,4
BT0289,manual_refined,rtumorseg_manual_correction.nii.gz,20972,3,true,,WT,4
BT0291,fets_auto,tumorseg_FeTS.nii.gz,38064,1;2;4,true,,WT,4
BT0292,manual_refined,rtumorseg_manual_correction.nii.gz,100018,1;2;4,true,,WT,4
BT0294,manual_refined,rtumorseg_manual_correction.nii.gz,91508,1;2;4,true,,WT,4
BT0295,manual_refined,rtumorseg_manual_correction.nii.gz,21922,1;2,true,,Mut,2
BT0296,manual_refined,rtumorseg_manual_correction.nii.gz,70565,1;2;4,true,,WT,4
BT0299,manual_refined,rtumorseg_manual_correction.nii.gz,57340,1;2;3;4,true,,WT,3
BT0300,manual_refined,rtumorseg_manual_correction.nii.gz,73678,1;2;4,true,,WT,4
BT0301,manual_refined,rtumorseg_manual_correction.nii.gz,79394,2;4,true,,WT,4
BT0305,fets_auto,tumorseg_FeTS.nii.gz,162832,1;2;4,true,,WT,4
BT0306,manual_refined,rtumorseg_manual_correction.nii.gz,28364,2;4,true,,WT,4
BT0307,manual_refined,rtumorseg_manual_correction.nii.gz,249944,3,true,,Mut,2
BT0308,manual_refined,rtumorseg_manual_correction.nii.gz,141068,1;2;4,true,,WT,4
BT0310,manual_refined,rtumorseg_manual_correction.nii.gz,195301,1;2;3;4,true,,Mut,2
BT0311,manual_refined,rtumorseg_manual_correction.nii.gz,172061,1;2,true,,Mut,2
BT0312,manual_refined,rtumorseg_manual_correction.nii.gz,58062,1;2,true,,Mut,3
BT0315,manual_refined,rtumorseg_manual_correction.nii.gz,187406,1;2;3;4,true,,Mut,3
BT0318,manual_refined,rtumorseg_manual_correction.nii.gz,86572,3,true,,WT,NA
BT0319,manual_refined,rtumorseg_manual_correction.nii.gz,41320,1;2;4,true,,Mut,2
BT0320,manual_refined,rtumorseg_manual_correction.nii.gz,197966,1;2;4,true,,WT,4
BT0323,manual_refined,rtumorseg_manual_correction.nii.gz,42089,1;2;4,true,,WT,3
BT0324,manual_refined,rtumorseg_manual_correction.nii.gz,49911,1;2,true,,Mut,3
BT0325,manual_refined,rtumorseg_manual_correction.nii.gz,56252,1;2;4,true,,WT,4
BT0327,manual_refined,rtumorseg_manual_correction.nii.gz,87140,1;2;4,true,,WT,4
BT0330,fets_auto,tumorseg_FeTS.nii.gz,1827,2,true,,WT,4
BT0333,manual_refined,rtumorseg_manual_correction.nii.gz,51078,1;2,true,,Mut,2
BT0336,manual_refined,rtumorseg_manual_correction.nii.gz,25803,3,true,,Mut,3
BT0338,fets_auto,tumorseg_FeTS.nii.gz,14346,1;2;4,true,,WT,4
BT0339,manual_refined,rtumorseg_manual_correction.nii.gz,109721,1;2;4,true,,WT,4
BT0342,manual_refined,rtumorseg_manual_correction.nii.gz,21504,2,true,,WT,2
BT0345,manual_refined,rtumorseg_manual_correction.nii.gz,91948,1;2,true,,Mut,3
BT0347,fets_auto,tumorseg_FeTS.nii.gz,14768,1;2,true,,Mut,2
BT0348,manual_refined,rtumorseg_manual_correction.nii.gz,208755,1;2;3;4,true,,WT,4
BT0351,manual_refined,rtumorseg_manual_correction.nii.gz,29966,1;2,true,,WT,2
BT0358,manual_refined,rtumorseg_manual_correction.nii.gz,101377,1;2,true,,WT,3
BT0359,fets_auto,tumorseg_FeTS.nii.gz,23835,1;2;4,true,,WT,4
BT0360,manual_refined,rtumorseg_manual_correction.nii.gz,77981,1;2;4,true,,WT,4
BT0361,manual_refined,rtumorseg_manual_correction.nii.gz,73432,1;2;4,true,,WT,4
BT0363,manual_refined,rtumorseg_manual_correction.nii.gz,21277,1;2;4,true,,WT,4
BT0364,manual_refined,rtumorseg_manual_correction.nii.gz,17683,1;2;4,true,,WT,4
BT0365,manual_refined,rtumorseg_manual_correction.nii.gz,24534,1;2;4,true,,WT,4
BT0367,manual_refined,rtumorseg_manual_correction.nii.gz,38348,1;2;4,true,,Mut,3
BT0368,fets_auto,tumorseg_FeTS.nii.gz,96141,2,true,,WT,3
BT0373,manual_refined,rtumorseg_manual_correction.nii.gz,39897,1;2;4,true,,WT,4
BT0374,manual_refined,rtumorseg_manual_correction.nii.gz,54675,1;2;4,true,,Mut,3
BT0376,manual_refined,rtumorseg_manual_correction.nii.gz,44453,1;2;4,true,,WT,2
BT0377,manual_refined,rtumorseg_manual_correction.nii.gz,76050,1;2;4,true,,WT,4
BT0378,manual_refined,rtumorseg_manual_correction.nii.gz,41314,1;2;3;4,true,,WT,4
BT0384,manual_refined,rtumorseg_manual_correction.nii.gz,16520,1;2;4,true,,WT,4
BT0385,fets_auto,tumorseg_FeTS.nii.gz,75954,1;2,true,,Mut,2
BT0387,manual_refined,rtumorseg_manual_correction.nii.gz,171778,1;2;3;4,true,,WT,4
BT0394,manual_refined,rtumorseg_manual_correction.nii.gz,123713,1;2;3;4,true,,WT,4
BT0397,manual_refined,rtumorseg_manual_correction.nii.gz,22297,1;2,true,,Mut,3
BT0398,manual_refined,rtumorseg_manual_correction.nii.gz,96277,1;2;3;4,true,,WT,4
BT0399,manual_refined,rtumorseg_manual_correction.nii.gz,169197,1;2;3;4,true,,Mut,4
BT0400,manual_refined,rtumorseg_manual_correction.nii.gz,67899,1;2;4,true,,WT,4
BT0405,manual_refined,rtumorseg_manual_correction.nii.gz,50472,1;2;4,true,,WT,4
BT0406,manual_refined,rtumorseg_manual_correction.nii.gz,99298,1;2;4,true,,Mut,3
BT0407,manual_refined,rtumorseg_manual_correction.nii.gz,163831,1;2,true,,Mut,2
BT0408,manual_refined,rtumorseg_manual_correction.nii.gz,202685,1;2;3;4,true,,WT,4
BT0411,manual_refined,rtumorseg_manual_correction.nii.gz,61175,1;2;4,true,,WT,4
BT0412,manual_refined,rtumorseg_manual_correction.nii.gz,116793,1;2;4,true,,WT,4
BT0414,fets_auto,tumorseg_FeTS.nii.gz,36389,1;2;4,true,,WT,4
BT0416,manual_refined,rtumorseg_manual_correction.nii.gz,140514,1;2;3;4,true,,Mut,3
BT0421,manual_refined,rtumorseg_manual_correction.nii.gz,18793,1;2;4,true,,WT,3
BT0422,manual_refined,rtumorseg_manual_correction.nii.gz,235071,1;2;3;4,true,,WT,4
BT0424,manual_refined,rtumorseg_manual_correction.nii.gz,49524,1;2;4,true,,WT,4
BT0425,fets_auto,tumorseg_FeTS.nii.gz,110210,1;2;4,true,,WT,4
BT0426,manual_refined,rtumorseg_manual_correction.nii.gz,112412,1;2;3;4,true,,WT,4
BT0427,manual_refined,rtumorseg_manual_correction.nii.gz,37157,1;2,true,,Mut,2
BT0431,fets_auto,tumorseg_FeTS.nii.gz,38617,1;2;4,true,,Mut,2
BT0432,fets_auto,tumorseg_FeTS.nii.gz,22159,1;2;4,true,,WT,4
BT0436,manual_refined,rtumorseg_manual_correction.nii.gz,112019,1;2;3;4,true,,Mut,3
BT0438,fets_auto,tumorseg_FeTS.nii.gz,43544,1;2;4,true,,Mut,3
BT0444,fets_auto,tumorseg_FeTS.nii.gz,121050,1;2;4,true,,WT,3
BT0448,manual_refined,rtumorseg_manual_correction.nii.gz,198650,1;2;3;4,true,,WT,4
BT0450,manual_refined,rtumorseg_manual_correction.nii.gz,81560,1;2;3;4,true,,WT,4
BT0452,manual_refined,rtumorseg_manual_correction.nii.gz,153406,1;2;3;4,true,,WT,4
BT0456,manual_refined,rtumorseg_manual_correction.nii.gz,20438,1;2;3;4,true,,WT,4
BT0460,manual_refined,rtumorseg_manual_correction.nii.gz,39070,2,true,,Mut,2
BT0461,manual_refined,rtumorseg_manual_correction.nii.gz,162326,1;2;3;4,true,,WT,4
BT0462,manual_refined,rtumorseg_manual_correction.nii.gz,83148,1;2;4,true,,Mut,3
BT0463,manual_refined,rtumorseg_manual_correction.nii.gz,56053,1;2;3;4,true,,WT,4
BT0465,manual_refined,rtumorseg_manual_correction.nii.gz,171375,1;2,true,,WT,3
BT0466,fets_auto,tumorseg_FeTS.nii.gz,79395,1;2;4,true,,WT,4
BT0468,manual_refined,rtumorseg_manual_correction.nii.gz,141744,1;2,true,,Mut,3
BT0469,fets_auto,tumorseg_FeTS.nii.gz,35240,1;2;4,true,,Mut,3
BT0472,fets_auto,tumorseg_FeTS.nii.gz,25040,1;2,true,,Mut,3
BT0474,manual_refined,rtumorseg_manual_correction.nii.gz,97044,1;2;4,true,,WT,4
BT0476,fets_auto,tumorseg_FeTS.nii.gz,137798,1;2;4,true,,Mut,3
BT0479,fets_auto,tumorseg_FeTS.nii.gz,31879,1;2,true,,WT,3
BT0482,manual_refined,rtumorseg_manual_correction.nii.gz,12378,2,true,,Mut,2
BT0484,fets_auto,tumorseg_FeTS.nii.gz,59549,1;2,true,,Mut,2
BT0486,manual_refined,rtumorseg_manual_correction.nii.gz,76694,1;2;3;4,true,,WT,4
BT0488,manual_refined,rtumorseg_manual_correction.nii.gz,22304,1;2;4,true,,WT,4
BT0489,manual_refined,rtumorseg_manual_correction.nii.gz,149289,1;2;4,true,,Mut,4
BT0490,manual_refined,rtumorseg_manual_correction.nii.gz,23441,1;2;3;4,true,,Mut,3
BT0491,manual_refined,rtumorseg_manual_correction.nii.gz,134611,1;2;4,true,,Mut,3
BT0498,manual_refined,rtumorseg_manual_correction.nii.gz,42637,1;2;4,true,,WT,4
BT0501,manual_refined,rtumorseg_manual_correction.nii.gz,82335,1;2,true,,Mut,2
BT0502,fets_auto,tumorseg_FeTS.nii.gz,274542,1;2,true,,Mut,4
BT0507,manual_refined,rtumorseg_manual_correction.nii.gz,115887,1;2;3;4,true,,WT,4
BT0515,fets_auto,tumorseg_FeTS.nii.gz,1037,2,true,,WT,3
BT0521,fets_auto,tumorseg_FeTS.nii.gz,27824,2,true,,WT,3
BT0525,fets_auto,tumorseg_FeTS.nii.gz,149848,1;2;4,true,,WT,4
BT0533,manual_refined,rtumorseg_manual_correction.nii.gz,344204,1;2;3;4,true,,Mut,2
BT0537,fets_auto,tumorseg_FeTS.nii.gz,3072,2;4,true,,WT,4
BT0540,manual_refined,rtumorseg_manual_correction.nii.gz,226786,1;2;4,true,,WT,4
BT0600,manual_refined,rtumorseg_manual_correction.nii.gz,9075,2,true,,WT,3
BT0602,manual_refined,rtumorseg_manual_correction.nii.gz,162888,1;2;4,true,,Mut,3
BT0605,manual_refined,rtumorseg_manual_correction.nii.gz,72882,1;2;4,true,,WT,4
BT0606,manual_refined,rtumorseg_manual_correction.nii.gz,106513,1;2;4,true,,WT,4
BT0607,manual_refined,rtumorseg_manual_correction.nii.gz,103200,1;2;4,true,,WT,4
BT0610,manual_refined,rtumorseg_manual_correction.nii.gz,6980,1;2;4,true,,WT,4
BT0611,fets_auto,tumorseg_FeTS.nii.gz,78939,1;2;4,true,,WT,4
BT0612,manual_refined,rtumorseg_manual_correction.nii.gz,57109,1;2,true,,Mut,2
BT0614,manual_refined,rtumorseg_manual_correction.nii.gz,65958,1;2;4,true,,WT,4
BT0616,manual_refined,rtumorseg_manual_correction.nii.gz,38020,1;2;4,true,,WT,4
BT0617,manual_refined,rtumorseg_manual_correction.nii.gz,245326,1;2;3;4,true,,WT,4
BT0618,fets_auto,tumorseg_FeTS.nii.gz,173398,1;2;4,true,,WT,4
BT0619,manual_refined,rtumorseg_manual_correction.nii.gz,119711,1;2;4,true,,WT,4
BT0621,fets_auto,tumorseg_FeTS.nii.gz,150915,1;2;4,true,,Mut,3
BT0622,manual_refined,rtumorseg_manual_correction.nii.gz,27860,1;2;4,true,,WT,4
BT0623,manual_refined,rtumorseg_manual_correction.nii.gz,227802,1;2;3;4,true,,Mut,4
BT0624,manual_refined,rtumorseg_manual_correction.nii.gz,197993,1;2;4,true,,WT,4
BT0625,manual_refined,rtumorseg_manual_correction.nii.gz,149463,1;2;4,true,,WT,4
BT0626,manual_refined,rtumorseg_manual_correction.nii.gz,140784,1;2;4,true,,WT,3
BT0629,manual_refined,rtumorseg_manual_correction.nii.gz,159410,1;2;4,true,,WT,4
BT0630,manual_refined,rtumorseg_manual_correction.nii.gz,62354,1;2;4,true,,WT,4
BT0631,manual_refined,rtumorseg_manual_correction.nii.gz,58114,1;2;4,true,,WT,4
BT0632,manual_refined,rtumorseg_manual_correction.nii.gz,127712,1;2;4,true,,WT,4
BT0633,fets_auto,tumorseg_FeTS.nii.gz,25161,1;2;4,true,,WT,4
BT0635,manual_refined,rtumorseg_manual_correction.nii.gz,26072,2;4,true,,WT,4
BT0636,manual_refined,rtumorseg_manual_correction.nii.gz,20615,1;2;3;4,true,,WT,4
BT0637,manual_refined,rtumorseg_manual_correction.nii.gz,35601,1;2;4,true,,WT,4
BT0638,manual_refined,rtumorseg_manual_correction.nii.gz,138687,1;2;4,true,,WT,4
BT0639,fets_auto,tumorseg_FeTS.nii.gz,13534,1;2;4,true,,WT,4
BT0642,manual_refined,rtumorseg_manual_correction.nii.gz,91318,1;2;4,true,,WT,4
BT0643,manual_refined,rtumorseg_manual_correction.nii.gz,56852,1;2,true,,Mut,3
BT0645,manual_refined,rtumorseg_manual_correction.nii.gz,77476,2,true,,Mut,2
BT0646,manual_refined,rtumorseg_manual_correction.nii.gz,5964,2,true,,Mut,3
BT0647,manual_refined,rtumorseg_manual_correction.nii.gz,44444,1;2;4,true,,WT,4
BT0649,manual_refined,rtumorseg_manual_correction.nii.gz,174137,1;2;3;4,true,,WT,4
BT0652,manual_refined,rtumorseg_manual_correction.nii.gz,30686,2,true,,WT,4
BT0653,manual_refined,rtumorseg_manual_correction.nii.gz,88230,2;4;5,true,,WT,4
BT0655,manual_refined,rtumorseg_manual_correction.nii.gz,184101,1;2;3;4,true,,WT,4
BT0656,manual_refined,rtumorseg_manual_correction.nii.gz,111465,1;2;4,true,,WT,4
BT0657,manual_refined,rtumorseg_manual_correction.nii.gz,37632,1;2;4,true,,WT,4
BT0660,manual_refined,rtumorseg_manual_correction.nii.gz,35574,1;2,true,,Mut,2
BT0661,manual_refined,rtumorseg_manual_correction.nii.gz,30109,1;2;4,true,,WT,4
BT0663,manual_refined,rtumorseg_manual_correction.nii.gz,167487,1;2;4,true,,Mut,3
BT0667,fets_auto,tumorseg_FeTS.nii.gz,94546,1;2;4,true,,WT,4
BT0669,manual_refined,rtumorseg_manual_correction.nii.gz,82038,1;2;4,true,,WT,4
BT0670,manual_refined,rtumorseg_manual_correction.nii.gz,72291,1;2,true,,WT,3
BT0671,manual_refined,rtumorseg_manual_correction.nii.gz,77018,1;2;4,true,,WT,4
BT0672,manual_refined,rtumorseg_manual_correction.nii.gz,162484,1;2;4,true,,WT,4
BT0675,manual_refined,rtumorseg_manual_correction.nii.gz,33360,1;2,true,,WT,4
BT0676,fets_auto,tumorseg_FeTS.nii.gz,11489,1;2;4,true,,WT,4
BT0678,manual_refined,rtumorseg_manual_correction.nii.gz,37344,1;2;3;4,true,,WT,4
BT0679,manual_refined,rtumorseg_manual_correction.nii.gz,81139,2;4,true,,WT,4
BT0680,manual_refined,rtumorseg_manual_correction.nii.gz,97025,2,true,,Mut,2
BT0681,manual_refined,rtumorseg_manual_correction.nii.gz,35984,2,true,,WT,4
BT0686,manual_refined,rtumorseg_manual_correction.nii.gz,113718,1;2;4,true,,WT,4
BT0687,manual_refined,rtumorseg_manual_correction.nii.gz,93400,1;2;4,true,,Mut,4
BT0688,manual_refined,rtumorseg_manual_correction.nii.gz,267663,1;2;4,true,,WT,4
BT0690,manual_refined,rtumorseg_manual_correction.nii.gz,24469,1;2;4,true,,WT,4
BT0692,fets_auto,tumorseg_FeTS.nii.gz,105920,1;2;4,true,,Mut,4
BT0694,manual_refined,rtumorseg_manual_correction.nii.gz,58356,2,true,,Mut,2
BT0695,manual_refined,rtumorseg_manual_correction.nii.gz,59424,2,true,,Mut,2
BT0697,fets_auto,tumorseg_FeTS.nii.gz,168720,1;2;4,true,,Mut,4
BT0700,fets_auto,tumorseg_FeTS.nii.gz,82400,1;2;4,true,,WT,4
BT0704,manual_refined,rtumorseg_manual_correction.nii.gz,108913,1;2;4,true,,WT,4
BT0707,manual_refined,rtumorseg_manual_correction.nii.gz,36343,1;2;3;4,true,,WT,4
BT0709,manual_refined,rtumorseg_manual_correction.nii.gz,34276,2,true,,Mut,2
BT0712,manual_refined,rtumorseg_manual_correction.nii.gz,8654,2,true,,Mut,3
BT0713,manual_refined,rtumorseg_manual_correction.nii.gz,53135,1;2;4,true,,Mut,4
BT0716,manual_refined,rtumorseg_manual_correction.nii.gz,18612,1;2;4,true,,WT,4
BT0717,fets_auto,tumorseg_FeTS.nii.gz,27007,1;2,true,,WT,4
BT0719,manual_refined,rtumorseg_manual_correction.nii.gz,229959,1;2;4,true,,WT,4
BT0721,fets_auto,tumorseg_FeTS.nii.gz,161895,1;2;4,true,,Mut,2
BT0722,fets_auto,tumorseg_FeTS.nii.gz,30664,1;2;4,true,,WT,4
BT0725,manual_refined,rtumorseg_manual_correction.nii.gz,19939,1;2;4,true,,WT,4
BT0726,manual_refined,rtumorseg_manual_correction.nii.gz,103968,1;2;4,true,,WT,4
BT0728,manual_refined,rtumorseg_manual_correction.nii.gz,42918,1;2;4,true,,WT,4
BT0729,manual_refined,rtumorseg_manual_correction.nii.gz,165310,1;2;4,true,,WT,4
BT0732,manual_refined,rtumorseg_manual_correction.nii.gz,29603,1;2;4,true,,WT,4
BT0733,manual_refined,rtumorseg_manual_correction.nii.gz,58023,1;2;4,true,,WT,4
BT0734,manual_refined,rtumorseg_manual_correction.nii.gz,69350,1;2;4,true,,WT,4
BT0735,manual_refined,rtumorseg_manual_correction.nii.gz,85189,1;2,true,,Mut,2
BT0737,manual_refined,rtumorseg_manual_correction.nii.gz,56877,1;2;3;4,true,,WT,4
BT0738,manual_refined,rtumorseg_manual_correction.nii.gz,55358,1;2;4,true,,WT,4
BT0740,manual_refined,rtumorseg_manual_correction.nii.gz,119721,1;2;4,true,,WT,4
BT0741,manual_refined,rtumorseg_manual_correction.nii.gz,9683,1;2;4,true,,WT,4
BT0742,manual_refined,rtumorseg_manual_correction.nii.gz,78820,1;2;4,true,,WT,4
BT0743,manual_refined,rtumorseg_manual_correction.nii.gz,210517,2;4,true,,Mut,4
BT0747,manual_refined,rtumorseg_manual_correction.nii.gz,12471,2;4;5,true,,WT,2
BT0748,manual_refined,rtumorseg_manual_correction.nii.gz,17809,2,true,,WT,4
BT0749,manual_refined,rtumorseg_manual_correction.nii.gz,276273,1;2;4,true,,Mut,4
BT0750,manual_refined,rtumorseg_manual_correction.nii.gz,125551,1;2,true,,Mut,2
BT0751,manual_refined,rtumorseg_manual_correction.nii.gz,111779,1;2;4,true,,WT,4
BT0752,manual_refined,rtumorseg_manual_correction.nii.gz,48807,2,true,,Mut,2
BT0753,manual_refined,rtumorseg_manual_correction.nii.gz,60292,1;2,true,,Mut,2
BT0754,manual_refined,rtumorseg_manual_correction.nii.gz,141452,1;2;4,true,,WT,4
BT0756,manual_refined,rtumorseg_manual_correction.nii.gz,186599,1;2;4,true,,WT,4
BT0757,manual_refined,rtumorseg_manual_correction.nii.gz,48227,2,true,,WT,2
BT0759,manual_refined,rtumorseg_manual_correction.nii.gz,111578,1;2;4,true,,WT,4
BT0762,manual_refined,rtumorseg_manual_correction.nii.gz,267649,1;2;3;4,true,,WT,4
BT0764,manual_refined,rtumorseg_manual_correction.nii.gz,22606,2;4,true,,WT,4
BT0765,manual_refined,rtumorseg_manual_correction.nii.gz,59490,2;4,true,,WT,4
BT0766,manual_refined,rtumorseg_manual_correction.nii.gz,11812,1;2;3;4,true,,WT,4
BT0767,manual_refined,rtumorseg_manual_correction.nii.gz,57149,1;2;4,true,,WT,4
BT0768,manual_refined,rtumorseg_manual_correction.nii.gz,78839,1;2;4,true,,WT,4
BT0769,manual_refined,rtumorseg_manual_correction.nii.gz,174024,1;2;3;4,true,,WT,4
BT0770,manual_refined,rtumorseg_manual_correction.nii.gz,74596,1;2,true,,Mut,2
BT0772,manual_refined,rtumorseg_manual_correction.nii.gz,53046,1;2;4,true,,WT,4
BT0773,manual_refined,rtumorseg_manual_correction.nii.gz,88547,1;2;3;4,true,,WT,4
BT0777,manual_refined,rtumorseg_manual_correction.nii.gz,50230,2,true,,WT,4
BT0781,manual_refined,rtumorseg_manual_correction.nii.gz,39759,1;2;4,true,,WT,4
BT0782,manual_refined,rtumorseg_manual_correction.nii.gz,52193,1;2;4,true,,WT,4
BT0783,manual_refined,rtumorseg_manual_correction.nii.gz,95232,1;2;4,true,,WT,4
BT0784,manual_refined,rtumorseg_manual_correction.nii.gz,17049,2,true,,Mut,2
BT0785,manual_refined,rtumorseg_manual_correction.nii.gz,228156,1;2;4,true,,WT,4
BT0786,manual_refined,rtumorseg_manual_correction.nii.gz,187542,1;2;4,true,,WT,4
BT0787,manual_refined,rtumorseg_manual_correction.nii.gz,103235,1;2;4,true,,WT,4
BT0788,manual_refined,rtumorseg_manual_correction.nii.gz,59079,1;2;4,true,,WT,4
BT0790,manual_refined,rtumorseg_manual_correction.nii.gz,12984,1;2;3;4,true,,WT,4
BT0791,manual_refined,rtumorseg_manual_correction.nii.gz,195780,1;2;4,true,,WT,3
BT0793,manual_refined,rtumorseg_manual_correction.nii.gz,8482,1;2;4,true,,WT,3
BT0794,manual_refined,rtumorseg_manual_correction.nii.gz,18007,2,true,,Mut,2
BT0796,manual_refined,rtumorseg_manual_correction.nii.gz,5667,2,true,,Mut,2
BT0801,fets_auto,tumorseg_FeTS.nii.gz,1360,1;2,true,,WT,4
BT0802,manual_refined,rtumorseg_manual_correction.nii.gz,172998,1;2;4,true,,Mut,3
BT0804,manual_refined,rtumorseg_manual_correction.nii.gz,11222,1;2;3;4,true,,WT,3
BT0805,manual_refined,rtumorseg_manual_correction.nii.gz,238554,1;2;4,true,,WT,4
BT0807,fets_auto,tumorseg_FeTS.nii.gz,79480,1;2;4,true,,WT,4
BT0809,manual_refined,rtumorseg_manual_correction.nii.gz,34382,1;2;3;4,true,,WT,3
BT0812,manual_refined,rtumorseg_manual_correction.nii.gz,12937,2,true,,Mut,2
BT0815,fets_auto,tumorseg_FeTS.nii.gz,197278,1;2;4,true,,WT,4
BT0817,manual_refined,rtumorseg_manual_correction.nii.gz,37422,1;2;3;4,true,,WT,4
BT0818,manual_refined,rtumorseg_manual_correction.nii.gz,122361,1;2;4,true,,WT,4
BT0820,manual_refined,rtumorseg_manual_correction.nii.gz,50139,1;2,true,,WT,4
BT0823,manual_refined,rtumorseg_manual_correction.nii.gz,108259,1;2;4,true,,WT,4
BT0828,manual_refined,rtumorseg_manual_correction.nii.gz,48717,1;2;4,true,,WT,4
BT0829,fets_auto,tumorseg_FeTS.nii.gz,126871,1;2;4,true,,Mut,4
BT0830,manual_refined,rtumorseg_manual_correction.nii.gz,45877,1;2;3;4,true,,WT,4
BT0833,manual_refined,rtumorseg_manual_correction.nii.gz,171151,1;2;4,true,,WT,4
BT0835,manual_refined,rtumorseg_manual_correction.nii.gz,156312,1;2;4,true,,WT,4
BT0836,manual_refined,rtumorseg_manual_correction.nii.gz,5011,1;2;4,true,,WT,4
BT0837,manual_refined,rtumorseg_manual_correction.nii.gz,161587,1;2;4,true,,WT,4
BT0840,manual_refined,rtumorseg_manual_correction.nii.gz,39157,1;2;4;5,true,,WT,4
BT0841,fets_auto,tumorseg_FeTS.nii.gz,108166,1;2;4,true,,WT,4
BT0842,manual_refined,rtumorseg_manual_correction.nii.gz,29207,2,true,,WT,4
BT0843,manual_refined,rtumorseg_manual_correction.nii.gz,58370,1;2;4,true,,WT,4
BT0847,manual_refined,rtumorseg_manual_correction.nii.gz,216519,1;2;3;4,true,,WT,4
BT0848,manual_refined,rtumorseg_manual_correction.nii.gz,11148,2,true,,Mut,2
BT0900,fets_auto,tumorseg_FeTS.nii.gz,78368,1;2;4,true,,WT,4
BT0904,fets_auto,tumorseg_FeTS.nii.gz,235117,1;2;4,true,,WT,4
BT0905,fets_auto,tumorseg_FeTS.nii.gz,82333,1;2;4,true,,Mut,3
BT0907,fets_auto,tumorseg_FeTS.nii.gz,136393,1;2;4,true,,WT,4
BT0908,fets_auto,tumorseg_FeTS.nii.gz,138992,1;2;4,true,,WT,4
BT0912,fets_auto,tumorseg_FeTS.nii.gz,130550,1;2;4,true,,WT,4
BT0914,fets_auto,tumorseg_FeTS.nii.gz,153772,1;2;4,true,,WT,4
BT0915,fets_auto,tumorseg_FeTS.nii.gz,18119,1;2,true,,Mut,2
BT0917,fets_auto,tumorseg_FeTS.nii.gz,137,2,true,,WT,4
BT0919,fets_auto,tumorseg_FeTS.nii.gz,4193,1;2;4,true,,WT,4
BT0925,fets_auto,tumorseg_FeTS.nii.gz,85363,1;2;4,true,,WT,4
BT0926,fets_auto,tumorseg_FeTS.nii.gz,0,,false,empty_tumor_seg,WT,2
BT0928,fets_auto,tumorseg_FeTS.nii.gz,148994,1;2;4,true,,Mut,2
BT0929,fets_auto,tumorseg_FeTS.nii.gz,5226,1;2;4,true,,WT,4
BT0930,fets_auto,tumorseg_FeTS.nii.gz,84473,1;2,true,,Mut,2
BT0931,fets_auto,tumorseg_FeTS.nii.gz,208459,1;2;4,true,,Mut,3
BT0932,fets_auto,tumorseg_FeTS.nii.gz,126233,1;2;4,true,,WT,4
BT0944,fets_auto,tumorseg_FeTS.nii.gz,25915,1;2;4,true,,WT,4
BT0945,fets_auto,tumorseg_FeTS.nii.gz,157968,1;2;4,true,,WT,4
BT0947,fets_auto,tumorseg_FeTS.nii.gz,231440,1;2;4,true,,WT,4
BT0948,fets_auto,tumorseg_FeTS.nii.gz,870,1;2;4,true,,WT,4
BT0950,fets_auto,tumorseg_FeTS.nii.gz,33639,1;2;4,true,,Mut,3
BT0951,fets_auto,tumorseg_FeTS.nii.gz,27644,1;2,true,,Mut,2
BT0953,fets_auto,tumorseg_FeTS.nii.gz,164283,1;2;4,true,,Mut,4
BT0955,fets_auto,tumorseg_FeTS.nii.gz,38472,1;2,true,,Mut,2
BT0957,fets_auto,tumorseg_FeTS.nii.gz,78688,1;2;4,true,,WT,4
BT0958,fets_auto,tumorseg_FeTS.nii.gz,42610,1;2;4,true,,Mut,3
BT0959,fets_auto,tumorseg_FeTS.nii.gz,135745,1;2;4,true,,WT,4
BT0960,fets_auto,tumorseg_FeTS.nii.gz,161371,1;2,true,,Mut,2
BT0961,fets_auto,tumorseg_FeTS.nii.gz,52930,1;2;4,true,,Mut,4
BT0962,fets_auto,tumorseg_FeTS.nii.gz,140007,1;2;4,true,,WT,4
BT0964,fets_auto,tumorseg_FeTS.nii.gz,80453,1;2;4,true,,WT,4
BT0965,fets_auto,tumorseg_FeTS.nii.gz,46104,1;2,true,,Mut,3
BT0969,fets_auto,tumorseg_FeTS.nii.gz,56921,1;2,true,,Mut,2
BT0970,fets_auto,tumorseg_FeTS.nii.gz,195938,1;2;4,true,,WT,4
BT0971,fets_auto,tumorseg_FeTS.nii.gz,36845,1;2,true,,Mut,2
BT0972,fets_auto,tumorseg_FeTS.nii.gz,26306,1;2;4,true,,WT,4
BT1000,fets_auto,tumorseg_FeTS.nii.gz,49451,1;2;4,true,,WT,2
BT1001,fets_auto,tumorseg_FeTS.nii.gz,24399,1;2;4,true,,WT,4
BT1006,fets_auto,tumorseg_FeTS.nii.gz,53802,1;2;4,true,,WT,4
BT1009,fets_auto,tumorseg_FeTS.nii.gz,53446,1;2;4,true,,WT,2
BT1010,fets_auto,tumorseg_FeTS.nii.gz,172987,1;2;4,true,,Mut,2
BT1011,fets_auto,tumorseg_FeTS.nii.gz,84423,1;2,true,,Mut,3
BT1012,fets_auto,tumorseg_FeTS.nii.gz,42010,1;2;4,true,,Mut,2
BT1015,fets_auto,tumorseg_FeTS.nii.gz,44389,1;2,true,,Mut,2
BT1016,fets_auto,tumorseg_FeTS.nii.gz,0,,false,empty_tumor_seg,WT,NA
BT1017,fets_auto,tumorseg_FeTS.nii.gz,72422,1;2;4,true,,WT,4
BT1018,fets_auto,tumorseg_FeTS.nii.gz,75196,1;2,true,,Mut,2
BT1019,fets_auto,tumorseg_FeTS.nii.gz,54818,1;2;4,true,,WT,4
BT1020,fets_auto,tumorseg_FeTS.nii.gz,17910,1;2,true,,Mut,2
BT1021,fets_auto,tumorseg_FeTS.nii.gz,185380,1;2;4,true,,Mut,4
BT1023,fets_auto,tumorseg_FeTS.nii.gz,51052,1;2,true,,Mut,3
BT1025,fets_auto,tumorseg_FeTS.nii.gz,96637,1;2;4,true,,WT,4
BT1026,fets_auto,tumorseg_FeTS.nii.gz,114728,1;2;4,true,,WT,4
BT1027,fets_auto,tumorseg_FeTS.nii.gz,46769,1;2;4,true,,WT,4
BT1028,fets_auto,tumorseg_FeTS.nii.gz,108978,1;2;4,true,,WT,4
BT1029,fets_auto,tumorseg_FeTS.nii.gz,113804,1;2;4,true,,WT,4
BT1032,fets_auto,tumorseg_FeTS.nii.gz,164881,1;2;4,true,,WT,4
BT1033,fets_auto,tumorseg_FeTS.nii.gz,144252,1;2;4,true,,WT,4
BT1034,fets_auto,tumorseg_FeTS.nii.gz,7308,1;2;4,true,,WT,4
BT1035,fets_auto,tumorseg_FeTS.nii.gz,100684,1;2;4,true,,WT,4
BT1036,fets_auto,tumorseg_FeTS.nii.gz,18005,1;2;4,true,,WT,4
BT1037,fets_auto,tumorseg_FeTS.nii.gz,163686,1;2;4,true,,WT,4
BT1038,fets_auto,tumorseg_FeTS.nii.gz,47220,1;2;4,true,,WT,4
BT1039,fets_auto,tumorseg_FeTS.nii.gz,219234,1;2;4,true,,WT,4
BT1041,fets_auto,tumorseg_FeTS.nii.gz,50348,1;2;4,true,,WT,4
BT1042,fets_auto,tumorseg_FeTS.nii.gz,91191,1;2;4,true,,WT,4
BT1046,fets_auto,tumorseg_FeTS.nii.gz,13899,1;2;4,true,,WT,NA
BT1048,fets_auto,tumorseg_FeTS.nii.gz,231219,1;2;4,true,,WT,4
BT1050,fets_auto,tumorseg_FeTS.nii.gz,35762,1;2;4,true,,Mut,2
BT1051,fets_auto,tumorseg_FeTS.nii.gz,95424,1;2,true,,Mut,2
BT1053,fets_auto,tumorseg_FeTS.nii.gz,203763,1;2;4,true,,Mut,2
BT1054,fets_auto,tumorseg_FeTS.nii.gz,10995,1;2,true,,Mut,2
BT1056,fets_auto,tumorseg_FeTS.nii.gz,95809,1;2,true,,Mut,3
BT1058,fets_auto,tumorseg_FeTS.nii.gz,152952,1;2;4,true,,Mut,3
BT1060,fets_auto,tumorseg_FeTS.nii.gz,137647,1;2;4,true,,Mut,3
BT1067,fets_auto,tumorseg_FeTS.nii.gz,326034,1;2,true,,Mut,2
BT1068,fets_auto,tumorseg_FeTS.nii.gz,60519,1;2,true,,WT,NA
BT1070,fets_auto,tumorseg_FeTS.nii.gz,43251,1;2,true,,WT,4
BT1071,fets_auto,tumorseg_FeTS.nii.gz,33085,1;2,true,,Mut,2
BT1072,fets_auto,tumorseg_FeTS.nii.gz,12127,1;2,true,,Mut,2
BT1073,fets_auto,tumorseg_FeTS.nii.gz,19856,1;2,true,,Mut,2
BT1076,fets_auto,tumorseg_FeTS.nii.gz,6874,1;2;4,true,,WT,2
BT1079,fets_auto,tumorseg_FeTS.nii.gz,77088,1;2;4,true,,WT,3
BT1080,fets_auto,tumorseg_FeTS.nii.gz,63505,1;2;4,true,,WT,4
BT1081,fets_auto,tumorseg_FeTS.nii.gz,64385,1;2,true,,WT,4
BT1082,fets_auto,tumorseg_FeTS.nii.gz,94862,1;2;4,true,,WT,4
BT1083,fets_auto,tumorseg_FeTS.nii.gz,17720,1;2,true,,WT,4
BT1084,fets_auto,tumorseg_FeTS.nii.gz,235640,1;2;4,true,,Mut,4
BT1085,fets_auto,tumorseg_FeTS.nii.gz,113756,1;2,true,,WT,4
BT1086,fets_auto,tumorseg_FeTS.nii.gz,4468,1;2,true,,WT,4
BT1087,fets_auto,tumorseg_FeTS.nii.gz,35502,1;2,true,,WT,4
BT1088,fets_auto,tumorseg_FeTS.nii.gz,22038,1;2;4,true,,WT,4
BT1090,fets_auto,tumorseg_FeTS.nii.gz,0,,false,empty_tumor_seg,WT,4
BT1091,fets_auto,tumorseg_FeTS.nii.gz,35705,1;2;4,true,,WT,4
BT1092,fets_auto,tumorseg_FeTS.nii.gz,60408,1;2;4,true,,WT,4
BT1094,fets_auto,tumorseg_FeTS.nii.gz,69504,1;2;4,true,,WT,4
BT1095,fets_auto,tumorseg_FeTS.nii.gz,79234,1;2;4,true,,WT,4
BT1096,fets_auto,tumorseg_FeTS.nii.gz,11554,1;2;4,true,,WT,4
BT1098,fets_auto,tumorseg_FeTS.nii.gz,80881,1;2;4,true,,WT,4
BT1099,fets_auto,tumorseg_FeTS.nii.gz,29029,1;2;4,true,,WT,4
BT1100,fets_auto,tumorseg_FeTS.nii.gz,119029,1;2;4,true,,WT,4
BT1102,fets_auto,tumorseg_FeTS.nii.gz,46059,1;2;4,true,,WT,4
BT1103,fets_auto,tumorseg_FeTS.nii.gz,54773,1;2;4,true,,WT,4
BT1104,fets_auto,tumorseg_FeTS.nii.gz,27020,1;2;4,true,,WT,4
BT1105,fets_auto,tumorseg_FeTS.nii.gz,89983,1;2;4,true,,WT,4
BT1106,fets_auto,tumorseg_FeTS.nii.gz,212878,1;2;4,true,,WT,4
BT1107,fets_auto,tumorseg_FeTS.nii.gz,168298,1;2;4,true,,WT,4
BT1108,fets_auto,tumorseg_FeTS.nii.gz,43788,1;2;4,true,,WT,4
BT1109,fets_auto,tumorseg_FeTS.nii.gz,197845,1;2;4,true,,WT,4
BT1110,fets_auto,tumorseg_FeTS.nii.gz,95882,1;2;4,true,,WT,4
BT1112,fets_auto,tumorseg_FeTS.nii.gz,67323,1;2;4,true,,WT,4
BT1113,fets_auto,tumorseg_FeTS.nii.gz,109991,1;2;4,true,,WT,4
BT1114,fets_auto,tumorseg_FeTS.nii.gz,83825,1;2;4,true,,WT,4
BT1115,fets_auto,tumorseg_FeTS.nii.gz,9945,1;2;4,true,,WT,4
BT1116,fets_auto,tumorseg_FeTS.nii.gz,86348,1;2;4,true,,WT,4
BT1117,fets_auto,tumorseg_FeTS.nii.gz,113204,1;2;4,true,,WT,4
BT1120,fets_auto,tumorseg_FeTS.nii.gz,117271,1;2;4,true,,WT,4
BT1121,fets_auto,tumorseg_FeTS.nii.gz,129438,1;2;4,true,,WT,4
BT1122,fets_auto,tumorseg_FeTS.nii.gz,123441,1;2;4,true,,WT,4
BT1123,fets_auto,tumorseg_FeTS.nii.gz,160622,1;2;4,true,,WT,4
BT1124,fets_auto,tumorseg_FeTS.nii.gz,15972,1;2;4,true,,WT,4
BT1125,fets_auto,tumorseg_FeTS.nii.gz,39548,1;2;4,true,,WT,4
BT1126,fets_auto,tumorseg_FeTS.nii.gz,81082,1;2;4,true,,WT,4
BT1128,fets_auto,tumorseg_FeTS.nii.gz,64892,1;2;4,true,,WT,4
BT1129,fets_auto,tumorseg_FeTS.nii.gz,87001,1;2;4,true,,WT,4
BT1131,fets_auto,tumorseg_FeTS.nii.gz,42864,1;2;4,true,,WT,4
BT1134,fets_auto,tumorseg_FeTS.nii.gz,94580,1;2;4,true,,WT,4
BT1135,fets_auto,tumorseg_FeTS.nii.gz,33044,1;2;4,true,,WT,4
BT1137,fets_auto,tumorseg_FeTS.nii.gz,101786,1;2;4,true,,WT,4
BT1138,fets_auto,tumorseg_FeTS.nii.gz,118833,1;2,true,,Mut,2
BT1139,fets_auto,tumorseg_FeTS.nii.gz,11291,1;2,true,,Mut,3
BT1140,fets_auto,tumorseg_FeTS.nii.gz,7901,1;2,true,,Mut,3
BT1141,fets_auto,tumorseg_FeTS.nii.gz,84281,1;2,true,,Mut,3
BT1143,fets_auto,tumorseg_FeTS.nii.gz,68824,1;2,true,,Mut,2
BT1146,fets_auto,tumorseg_FeTS.nii.gz,284322,1;2;4,true,,Mut,4
BT1147,fets_auto,tumorseg_FeTS.nii.gz,8237,1;2,true,,Mut,2
BT1148,fets_auto,tumorseg_FeTS.nii.gz,20914,1;2;4,true,,WT,3
BT1150,fets_auto,tumorseg_FeTS.nii.gz,116791,1;2,true,,Mut,3
BT1151,fets_auto,tumorseg_FeTS.nii.gz,115269,1;2;4,true,,Mut,2
BT1201,fets_auto,tumorseg_FeTS.nii.gz,127046,1;2;4,true,,WT,4
BT1205,fets_auto,tumorseg_FeTS.nii.gz,7644,2,true,,WT,2
BT1207,fets_auto,tumorseg_FeTS.nii.gz,207149,1;2;4,true,,WT,4
BT1208,fets_auto,tumorseg_FeTS.nii.gz,32217,1;2;4,true,,WT,4
BT1209,fets_auto,tumorseg_FeTS.nii.gz,48874,1;2;4,true,,Mut,3
BT1213,fets_auto,tumorseg_FeTS.nii.gz,40453,1;2;4,true,,Mut,3
BT1215,fets_auto,tumorseg_FeTS.nii.gz,87846,1;2;4,true,,WT,4
BT1216,fets_auto,tumorseg_FeTS.nii.gz,39495,1;2;4,true,,WT,4
BT1223,fets_auto,tumorseg_FeTS.nii.gz,47585,1;2;4,true,,WT,4
BT1226,fets_auto,tumorseg_FeTS.nii.gz,91676,1;2;4,true,,WT,4
BT1228,fets_auto,tumorseg_FeTS.nii.gz,99484,1;2,true,,WT,4
BT1229,fets_auto,tumorseg_FeTS.nii.gz,33153,1;2,true,,WT,4
BT1232,fets_auto,tumorseg_FeTS.nii.gz,83803,1;2;4,true,,WT,4
BT1233,fets_auto,tumorseg_FeTS.nii.gz,112292,1;2;4,true,,WT,4
BT1234,fets_auto,tumorseg_FeTS.nii.gz,52986,1;2;4,true,,WT,4
BT1235,fets_auto,tumorseg_FeTS.nii.gz,196271,1;2;4,true,,WT,4
BT1236,fets_auto,tumorseg_FeTS.nii.gz,55975,1;2;4,true,,WT,4
BT1239,fets_auto,tumorseg_FeTS.nii.gz,77136,1;2;4,true,,WT,4
BT1240,fets_auto,tumorseg_FeTS.nii.gz,138838,1;2;4,true,,WT,4
BT1243,fets_auto,tumorseg_FeTS.nii.gz,10767,1;2;4,true,,WT,4
BT1244,fets_auto,tumorseg_FeTS.nii.gz,48589,1;2,true,,WT,4
BT1245,fets_auto,tumorseg_FeTS.nii.gz,88673,1;2;4,true,,WT,4
BT1246,fets_auto,tumorseg_FeTS.nii.gz,4388,1;2;4,true,,WT,4
BT1247,fets_auto,tumorseg_FeTS.nii.gz,184481,1;2;4,true,,WT,4
BT1249,fets_auto,tumorseg_FeTS.nii.gz,110942,1;2;4,true,,WT,4
BT1250,fets_auto,tumorseg_FeTS.nii.gz,202507,1;2;4,true,,WT,4
BT1252,fets_auto,tumorseg_FeTS.nii.gz,140221,1;2;4,true,,WT,4
BT1253,fets_auto,tumorseg_FeTS.nii.gz,68027,1;2;4,true,,WT,4
BT1254,fets_auto,tumorseg_FeTS.nii.gz,43060,1;2;4,true,,WT,4
BT1258,fets_auto,tumorseg_FeTS.nii.gz,2,2,true,,WT,4
BT1259,fets_auto,tumorseg_FeTS.nii.gz,110821,1;2;4,true,,WT,4
BT1262,fets_auto,tumorseg_FeTS.nii.gz,137225,1;2;4,true,,WT,4
BT1263,fets_auto,tumorseg_FeTS.nii.gz,27363,1;2;4,true,,WT,4
BT1267,fets_auto,tumorseg_FeTS.nii.gz,123370,1;2;4,true,,WT,4
BT1268,fets_auto,tumorseg_FeTS.nii.gz,56259,1;2;4,true,,WT,4
BT1269,fets_auto,tumorseg_FeTS.nii.gz,211220,1;2;4,true,,WT,4
BT1270,fets_auto,tumorseg_FeTS.nii.gz,142783,1;2;4,true,,WT,4
BT1271,fets_auto,tumorseg_FeTS.nii.gz,89184,1;2;4,true,,WT,4
BT1272,fets_auto,tumorseg_FeTS.nii.gz,36889,1;2;4,true,,WT,4
BT1273,fets_auto,tumorseg_FeTS.nii.gz,162872,1;2;4,true,,WT,4
BT1274,fets_auto,tumorseg_FeTS.nii.gz,39530,2;4,true,,WT,4
BT1276,fets_auto,tumorseg_FeTS.nii.gz,105559,1;2;4,true,,WT,4
BT1277,fets_auto,tumorseg_FeTS.nii.gz,69161,1;2;4,true,,WT,4
BT1279,fets_auto,tumorseg_FeTS.nii.gz,79521,1;2;4,true,,WT,4
BT1280,fets_auto,tumorseg_FeTS.nii.gz,164901,1;2;4,true,,WT,4
BT1282,fets_auto,tumorseg_FeTS.nii.gz,12936,1;2;4,true,,WT,4
BT1283,fets_auto,tumorseg_FeTS.nii.gz,34687,1;2,true,,Mut,2
BT1284,fets_auto,tumorseg_FeTS.nii.gz,144028,1;2;4,true,,Mut,4
BT1285,fets_auto,tumorseg_FeTS.nii.gz,77917,1;2,true,,Mut,3
BT1286,fets_auto,tumorseg_FeTS.nii.gz,117273,1;2,true,,Mut,3
BT1288,fets_auto,tumorseg_FeTS.nii.gz,23440,1;2;4,true,,Mut,2
BT1289,fets_auto,tumorseg_FeTS.nii.gz,193782,1;2;4,true,,Mut,4
BT1296,fets_auto,tumorseg_FeTS.nii.gz,158233,1;2;4,true,,Mut,3
BT1297,fets_auto,tumorseg_FeTS.nii.gz,51352,1;2;4,true,,Mut,4
BT1298,fets_auto,tumorseg_FeTS.nii.gz,103667,1;2;4,true,,Mut,3
BT1300,fets_auto,tumorseg_FeTS.nii.gz,174715,1;2;4,true,,Mut,2
BT1301,fets_auto,tumorseg_FeTS.nii.gz,25554,1;2,true,,Mut,2
BT1303,fets_auto,tumorseg_FeTS.nii.gz,18878,1;2;4,true,,Mut,2
BT1311,fets_auto,tumorseg_FeTS.nii.gz,40098,1;2;4,true,,WT,4
BT1312,fets_auto,tumorseg_FeTS.nii.gz,11627,2,true,,WT,NA
